Id,Label,PD-associated,Degree in PD,Cluster in PD,Degree in NHC,Cluster in NHC
Abiotrophia_defectiva,Abiotrophia_defectiva,Not_tested,0,none,0,none
Absiella_dolichum,Absiella_dolichum,No,3,10,10,8
Acidaminococcus_fermentans,Acidaminococcus_fermentans,Not_tested,0,none,0,none
Acidaminococcus_intestini,Acidaminococcus_intestini,Yes_Increased,6,11,1,7
Acidaminococcus_sp_CAG_542,Acidaminococcus_sp_CAG_542,Not_tested,0,none,0,none
Acidipropionibacterium_acidipropionici,Acidipropionibacterium_acidipropionici,Not_tested,0,none,0,none
Actinobaculum_massiliense,Actinobaculum_massiliense,Not_tested,0,none,0,none
Actinobaculum_sp_oral_taxon_183,Actinobaculum_sp_oral_taxon_183,Not_tested,0,none,1,17
Actinomyces_cardiffensis,Actinomyces_cardiffensis,Not_tested,0,none,0,none
Actinomyces_europaeus,Actinomyces_europaeus,Not_tested,3,24,0,none
Actinomyces_graevenitzii,Actinomyces_graevenitzii,No,3,2,3,3
Actinomyces_johnsonii,Actinomyces_johnsonii,No,1,2,1,3
Actinomyces_massiliensis,Actinomyces_massiliensis,Not_tested,1,14,4,19
Actinomyces_naeslundii,Actinomyces_naeslundii,Yes_Increased,4,2,3,3
Actinomyces_odontolyticus,Actinomyces_odontolyticus,No,13,2,12,3
Actinomyces_oris,Actinomyces_oris,Yes_Increased,16,2,19,3
Actinomyces_radicidentis,Actinomyces_radicidentis,Not_tested,0,none,0,none
Actinomyces_sp_HMSC035G02,Actinomyces_sp_HMSC035G02,No,11,2,8,3
Actinomyces_sp_HPA0247,Actinomyces_sp_HPA0247,Yes_Increased,3,2,1,3
Actinomyces_sp_ICM47,Actinomyces_sp_ICM47,Yes_Decreased,3,2,5,3
Actinomyces_sp_oral_taxon_170,Actinomyces_sp_oral_taxon_170,Not_tested,0,none,2,2
Actinomyces_sp_oral_taxon_180,Actinomyces_sp_oral_taxon_180,Not_tested,2,15,0,none
Actinomyces_sp_oral_taxon_181,Actinomyces_sp_oral_taxon_181,No,3,2,1,15
Actinomyces_sp_oral_taxon_414,Actinomyces_sp_oral_taxon_414,Not_tested,0,none,0,none
Actinomyces_sp_oral_taxon_448,Actinomyces_sp_oral_taxon_448,Yes_Increased,3,2,6,3
Actinomyces_sp_oral_taxon_897,Actinomyces_sp_oral_taxon_897,Not_tested,0,none,0,none
Actinomyces_sp_S6_Spd3,Actinomyces_sp_S6_Spd3,Not_tested,0,none,1,3
Actinomyces_turicensis,Actinomyces_turicensis,Not_tested,8,17,2,19
Actinomyces_viscosus,Actinomyces_viscosus,Not_tested,0,none,3,3
Actinotignum_timonense,Actinotignum_timonense,Not_tested,0,none,0,none
Adlercreutzia_equolifaciens,Adlercreutzia_equolifaciens,No,31,13,23,2
Aeriscardovia_aeriphila,Aeriscardovia_aeriphila,Not_tested,5,8,5,17
Aeromonas_allosaccharophila,Aeromonas_allosaccharophila,Not_tested,0,none,4,14
Aeromonas_caviae,Aeromonas_caviae,Not_tested,0,none,0,none
Aeromonas_media,Aeromonas_media,Not_tested,0,none,0,none
Aeromonas_veronii,Aeromonas_veronii,Not_tested,0,none,6,14
Agathobaculum_butyriciproducens,Agathobaculum_butyriciproducens,No,39,13,45,8
Aggregatibacter_segnis,Aggregatibacter_segnis,Not_tested,0,none,0,none
Akkermansia_muciniphila,Akkermansia_muciniphila,No,1,10,14,3
Alistipes_finegoldii,Alistipes_finegoldii,Yes_Increased,19,13,16,2
Alistipes_indistinctus,Alistipes_indistinctus,Yes_Increased,15,10,17,2
Alistipes_inops,Alistipes_inops,No,4,10,16,14
Alistipes_onderdonkii,Alistipes_onderdonkii,No,0,none,1,1
Alistipes_putredinis,Alistipes_putredinis,No,12,10,54,2
Alistipes_shahii,Alistipes_shahii,No,42,10,51,2
Alistipes_sp_An31A,Alistipes_sp_An31A,Not_tested,0,none,0,none
Alistipes_sp_An66,Alistipes_sp_An66,Not_tested,0,none,1,6
Alistipes_sp_CAG_831,Alistipes_sp_CAG_831,Not_tested,0,none,2,6
Alistipes_timonensis,Alistipes_timonensis,No,0,none,1,14
Allisonella_histaminiformans,Allisonella_histaminiformans,No,2,3,3,15
Alloscardovia_omnicolens,Alloscardovia_omnicolens,No,0,none,2,7
Anaerobiospirillum_thomasii,Anaerobiospirillum_thomasii,Not_tested,0,none,0,none
Anaerococcus_hydrogenalis,Anaerococcus_hydrogenalis,Not_tested,0,none,0,none
Anaerococcus_lactolyticus,Anaerococcus_lactolyticus,Not_tested,0,none,0,none
Anaerococcus_nagyae,Anaerococcus_nagyae,Not_tested,0,none,0,none
Anaerococcus_octavius,Anaerococcus_octavius,Not_tested,4,17,0,none
Anaerococcus_vaginalis,Anaerococcus_vaginalis,Not_tested,5,17,0,none
Anaerocolumna_aminovalerica,Anaerocolumna_aminovalerica,Not_tested,0,none,0,none
Anaerofilum_sp_An201,Anaerofilum_sp_An201,Not_tested,0,none,1,14
Anaerofustis_stercorihominis,Anaerofustis_stercorihominis,No,4,10,3,8
Anaeroglobus_geminatus,Anaeroglobus_geminatus,Not_tested,0,none,15,17
Anaeromassilibacillus_sp_An172,Anaeromassilibacillus_sp_An172,Not_tested,0,none,1,14
Anaeromassilibacillus_sp_An250,Anaeromassilibacillus_sp_An250,No,4,10,7,2
Anaerosporobacter_mobilis,Anaerosporobacter_mobilis,Not_tested,0,none,4,16
Anaerostipes_caccae,Anaerostipes_caccae,No,23,10,44,8
Anaerostipes_hadrus,Anaerostipes_hadrus,Yes_Decreased,48,13,33,8
Anaerostipes_sp_494a,Anaerostipes_sp_494a,Not_tested,0,none,2,2
Anaerotignum_lactatifermentans,Anaerotignum_lactatifermentans,No,7,10,11,8
Anaerotruncus_colihominis,Anaerotruncus_colihominis,No,23,10,41,8
Anaerotruncus_sp_CAG_528,Anaerotruncus_sp_CAG_528,Not_tested,0,none,1,14
Arthrospira_platensis,Arthrospira_platensis,Not_tested,0,none,0,none
Asaccharobacter_celatus,Asaccharobacter_celatus,No,32,13,27,2
Atopobium_deltae,Atopobium_deltae,Not_tested,0,none,0,none
Atopobium_minutum,Atopobium_minutum,Not_tested,8,17,0,none
Atopobium_parvulum,Atopobium_parvulum,Not_tested,2,15,1,9
Atopobium_rimae,Atopobium_rimae,Not_tested,4,15,0,none
Atopobium_vaginae,Atopobium_vaginae,Not_tested,1,16,3,19
Bacillus_coagulans,Bacillus_coagulans,Not_tested,0,none,1,2
Bacillus_horneckiae,Bacillus_horneckiae,Not_tested,0,none,1,19
Bacteroidales_bacterium_KA00251,Bacteroidales_bacterium_KA00251,Not_tested,0,none,0,none
Bacteroidales_bacterium_KA00344,Bacteroidales_bacterium_KA00344,Not_tested,0,none,0,none
Bacteroides_caccae,Bacteroides_caccae,No,5,1,6,2
Bacteroides_cellulosilyticus,Bacteroides_cellulosilyticus,No,1,10,6,6
Bacteroides_clarus,Bacteroides_clarus,Not_tested,0,none,0,none
Bacteroides_coagulans,Bacteroides_coagulans,Not_tested,0,none,0,none
Bacteroides_coprocola,Bacteroides_coprocola,No,1,1,3,15
Bacteroides_coprophilus,Bacteroides_coprophilus,Not_tested,0,none,2,17
Bacteroides_dorei,Bacteroides_dorei,No,1,1,2,2
Bacteroides_eggerthii,Bacteroides_eggerthii,No,1,10,3,2
Bacteroides_faecichinchillae,Bacteroides_faecichinchillae,Not_tested,0,none,0,none
Bacteroides_faecis,Bacteroides_faecis,No,2,5,3,2
Bacteroides_faecis_CAG_32,Bacteroides_faecis_CAG_32,Yes_Increased,1,5,3,2
Bacteroides_finegoldii,Bacteroides_finegoldii,No,4,1,6,2
Bacteroides_fluxus,Bacteroides_fluxus,Not_tested,0,none,0,none
Bacteroides_fragilis,Bacteroides_fragilis,No,2,1,2,2
Bacteroides_galacturonicus,Bacteroides_galacturonicus,No,2,13,8,8
Bacteroides_intestinalis,Bacteroides_intestinalis,No,0,none,2,2
Bacteroides_massiliensis,Bacteroides_massiliensis,No,12,1,5,2
Bacteroides_nordii,Bacteroides_nordii,No,0,none,0,none
Bacteroides_oleiciplenus,Bacteroides_oleiciplenus,Not_tested,0,none,0,none
Bacteroides_ovatus,Bacteroides_ovatus,No,0,none,1,2
Bacteroides_pectinophilus,Bacteroides_pectinophilus,Not_tested,0,none,4,14
Bacteroides_plebeius,Bacteroides_plebeius,No,2,1,10,2
Bacteroides_salyersiae,Bacteroides_salyersiae,No,2,1,3,2
Bacteroides_sartorii,Bacteroides_sartorii,Not_tested,0,none,0,none
Bacteroides_sp_43_108,Bacteroides_sp_43_108,Not_tested,0,none,0,none
Bacteroides_sp_CAG_144,Bacteroides_sp_CAG_144,Not_tested,0,none,2,2
Bacteroides_sp_CAG_443,Bacteroides_sp_CAG_443,Not_tested,0,none,0,none
Bacteroides_sp_CAG_530,Bacteroides_sp_CAG_530,Not_tested,0,none,6,14
Bacteroides_sp_CAG_598,Bacteroides_sp_CAG_598,Not_tested,0,none,0,none
Bacteroides_sp_CAG_661,Bacteroides_sp_CAG_661,Not_tested,0,none,0,none
Bacteroides_sp_D2,Bacteroides_sp_D2,Not_tested,0,none,1,9
Bacteroides_sp_OM08_11,Bacteroides_sp_OM08_11,Not_tested,0,none,0,none
Bacteroides_stercorirosoris,Bacteroides_stercorirosoris,Not_tested,0,none,0,none
Bacteroides_stercoris,Bacteroides_stercoris,No,4,1,3,2
Bacteroides_thetaiotaomicron,Bacteroides_thetaiotaomicron,No,1,5,6,2
Bacteroides_uniformis,Bacteroides_uniformis,No,3,1,10,2
Bacteroides_vulgatus,Bacteroides_vulgatus,No,5,1,11,2
Bacteroides_xylanisolvens,Bacteroides_xylanisolvens,No,0,none,4,2
Barnesiella_intestinihominis,Barnesiella_intestinihominis,No,33,10,13,2
Barnesiella_viscericola,Barnesiella_viscericola,Not_tested,0,none,0,none
Bavariicoccus_seileri,Bavariicoccus_seileri,Not_tested,0,none,0,none
Bifidobacterium_adolescentis,Bifidobacterium_adolescentis,No,3,8,10,19
Bifidobacterium_angulatum,Bifidobacterium_angulatum,Not_tested,0,none,0,none
Bifidobacterium_animalis,Bifidobacterium_animalis,No,1,21,2,1
Bifidobacterium_asteroides,Bifidobacterium_asteroides,Not_tested,3,8,0,none
Bifidobacterium_bifidum,Bifidobacterium_bifidum,Yes_Increased,3,8,2,6
Bifidobacterium_breve,Bifidobacterium_breve,Yes_Increased,24,8,6,3
Bifidobacterium_catenulatum,Bifidobacterium_catenulatum,Not_tested,0,none,1,10
Bifidobacterium_cuniculi,Bifidobacterium_cuniculi,Not_tested,0,none,0,none
Bifidobacterium_dentium,Bifidobacterium_dentium,Yes_Increased,12,2,14,3
Bifidobacterium_gallinarum,Bifidobacterium_gallinarum,Yes_Increased,14,8,5,15
Bifidobacterium_kashiwanohense,Bifidobacterium_kashiwanohense,Not_tested,0,none,0,none
Bifidobacterium_longum,Bifidobacterium_longum,Yes_Increased,5,8,3,6
Bifidobacterium_mongoliense,Bifidobacterium_mongoliense,Not_tested,0,none,0,none
Bifidobacterium_moukalabense,Bifidobacterium_moukalabense,Not_tested,0,none,0,none
Bifidobacterium_pseudocatenulatum,Bifidobacterium_pseudocatenulatum,No,2,8,1,6
Bifidobacterium_pseudolongum,Bifidobacterium_pseudolongum,Not_tested,7,8,13,17
Bifidobacterium_pullorum,Bifidobacterium_pullorum,Yes_Increased,12,8,5,15
Bifidobacterium_saeculare,Bifidobacterium_saeculare,Yes_Increased,13,8,5,15
Bifidobacterium_scardovii,Bifidobacterium_scardovii,Not_tested,0,none,4,17
Bilophila_wadsworthia,Bilophila_wadsworthia,No,1,10,4,3
Blastocystis_sp_subtype_1,Blastocystis_sp_subtype_1,Not_tested,0,none,3,14
Blautia_coccoides,Blautia_coccoides,No,56,10,50,8
Blautia_hansenii,Blautia_hansenii,Yes_Decreased,17,10,48,8
Blautia_hydrogenotrophica,Blautia_hydrogenotrophica,No,1,10,10,14
Blautia_obeum,Blautia_obeum,No,48,13,55,8
Blautia_producta,Blautia_producta,No,47,10,71,8
Blautia_sp_An249,Blautia_sp_An249,No,0,none,2,2
Blautia_sp_CAG_257,Blautia_sp_CAG_257,No,47,10,72,8
Blautia_sp_N6H1_15,Blautia_sp_N6H1_15,No,3,10,8,8
Blautia_wexlerae,Blautia_wexlerae,Yes_Decreased,17,8,1,8
Brevibacterium_paucivorans,Brevibacterium_paucivorans,Not_tested,0,none,0,none
Brevibacterium_ravenspurgense,Brevibacterium_ravenspurgense,Not_tested,0,none,0,none
Brochothrix_thermosphacta,Brochothrix_thermosphacta,Not_tested,0,none,0,none
Butyribacterium_methylotrophicum,Butyribacterium_methylotrophicum,Not_tested,0,none,1,5
Butyricicoccus_porcorum,Butyricicoccus_porcorum,Not_tested,0,none,0,none
Butyricicoccus_pullicaecorum,Butyricicoccus_pullicaecorum,Yes_Decreased,0,none,7,8
Butyricimonas_synergistica,Butyricimonas_synergistica,No,5,10,5,2
Butyricimonas_virosa,Butyricimonas_virosa,No,17,10,15,2
Butyrivibrio_crossotus,Butyrivibrio_crossotus,Not_tested,2,10,11,14
Butyrivibrio_sp_CAG_318,Butyrivibrio_sp_CAG_318,Not_tested,0,none,1,14
Campylobacter_coli,Campylobacter_coli,Not_tested,0,none,0,none
Campylobacter_concisus,Campylobacter_concisus,Not_tested,0,none,1,2
Campylobacter_curvus,Campylobacter_curvus,Not_tested,0,none,0,none
Campylobacter_gracilis,Campylobacter_gracilis,Not_tested,0,none,11,2
Campylobacter_hominis,Campylobacter_hominis,Not_tested,0,none,1,19
Campylobacter_upsaliensis,Campylobacter_upsaliensis,Not_tested,0,none,0,none
Campylobacter_ureolyticus,Campylobacter_ureolyticus,Not_tested,3,24,0,none
Candida_albicans,Candida_albicans,Not_tested,0,none,12,19
Candidatus_Gastranaerophilales_bacterium,Candidatus_Gastranaerophilales_bacterium,Not_tested,0,none,1,13
Candidatus_Methanomassiliicoccus_intestinalis,Candidatus_Methanomassiliicoccus_intestinalis,Yes_Increased,7,10,3,2
Candidatus_Stoquefichus_sp_KLE1796,Candidatus_Stoquefichus_sp_KLE1796,No,3,11,20,8
Catabacter_hongkongensis,Catabacter_hongkongensis,No,3,10,13,8
Catenibacterium_mitsuokai,Catenibacterium_mitsuokai,No,4,3,6,7
Catonella_morbi,Catonella_morbi,Not_tested,0,none,0,none
Cellulosilyticum_lentocellum,Cellulosilyticum_lentocellum,Not_tested,0,none,0,none
Cetobacterium_somerae,Cetobacterium_somerae,Not_tested,0,none,0,none
Christensenella_minuta,Christensenella_minuta,Yes_Increased,1,10,3,2
Citrobacter_amalonaticus,Citrobacter_amalonaticus,Not_tested,5,8,5,17
Citrobacter_braakii,Citrobacter_braakii,Not_tested,0,none,1,17
Citrobacter_europaeus,Citrobacter_europaeus,Not_tested,0,none,4,17
Citrobacter_farmeri,Citrobacter_farmeri,Not_tested,3,8,2,16
Citrobacter_freundii,Citrobacter_freundii,Not_tested,3,8,17,17
Citrobacter_koseri,Citrobacter_koseri,Not_tested,0,none,1,14
Citrobacter_pasteurii,Citrobacter_pasteurii,Not_tested,0,none,2,17
Citrobacter_portucalensis,Citrobacter_portucalensis,Not_tested,0,none,9,17
Citrobacter_werkmanii,Citrobacter_werkmanii,Not_tested,0,none,8,17
Citrobacter_youngae,Citrobacter_youngae,Not_tested,2,8,5,17
Cloacibacillus_evryensis,Cloacibacillus_evryensis,Yes_Increased,13,10,7,6
Cloacibacillus_porcorum,Cloacibacillus_porcorum,No,2,10,0,none
Clostridiales_bacterium_1_7_47FAA,Clostridiales_bacterium_1_7_47FAA,No,7,10,14,8
Clostridiales_bacterium_CHKCI001,Clostridiales_bacterium_CHKCI001,Not_tested,0,none,0,none
Clostridiales_bacterium_CHKCI006,Clostridiales_bacterium_CHKCI006,Not_tested,0,none,0,none
Clostridioides_difficile,Clostridioides_difficile,Not_tested,1,8,4,16
Clostridium_aldenense,Clostridium_aldenense,No,36,10,50,8
Clostridium_asparagiforme,Clostridium_asparagiforme,No,5,10,12,8
Clostridium_bolteae,Clostridium_bolteae,No,23,10,60,8
Clostridium_bolteae_CAG_59,Clostridium_bolteae_CAG_59,No,1,10,13,8
Clostridium_butyricum,Clostridium_butyricum,Not_tested,0,none,6,17
Clostridium_cadaveris,Clostridium_cadaveris,Not_tested,0,none,9,16
Clostridium_celatum,Clostridium_celatum,Not_tested,0,none,0,none
Clostridium_citroniae,Clostridium_citroniae,No,27,10,44,8
Clostridium_clostridioforme,Clostridium_clostridioforme,No,46,10,62,8
Clostridium_disporicum,Clostridium_disporicum,No,3,12,2,19
Clostridium_hiranonis,Clostridium_hiranonis,Not_tested,0,none,2,15
Clostridium_hylemonae,Clostridium_hylemonae,Yes_Increased,0,none,0,none
Clostridium_innocuum,Clostridium_innocuum,Yes_Increased,38,10,78,8
Clostridium_lavalense,Clostridium_lavalense,No,18,10,41,8
Clostridium_leptum,Clostridium_leptum,Yes_Increased,9,8,11,2
Clostridium_methylpentosum,Clostridium_methylpentosum,No,0,none,11,8
Clostridium_neonatale,Clostridium_neonatale,Not_tested,0,none,0,none
Clostridium_paraputrificum,Clostridium_paraputrificum,Not_tested,0,none,4,16
Clostridium_perfringens,Clostridium_perfringens,Not_tested,0,none,7,17
Clostridium_saccharolyticum,Clostridium_saccharolyticum,No,1,10,2,2
Clostridium_scindens,Clostridium_scindens,No,52,10,65,8
Clostridium_sp_CAG_167,Clostridium_sp_CAG_167,No,3,10,3,8
Clostridium_sp_CAG_242,Clostridium_sp_CAG_242,No,1,7,1,2
Clostridium_sp_CAG_253,Clostridium_sp_CAG_253,No,0,none,2,14
Clostridium_sp_CAG_299,Clostridium_sp_CAG_299,Yes_Decreased,1,10,4,8
Clostridium_sp_CAG_411,Clostridium_sp_CAG_411,Not_tested,0,none,0,none
Clostridium_sp_CAG_413,Clostridium_sp_CAG_413,Not_tested,1,10,5,14
Clostridium_sp_CAG_58,Clostridium_sp_CAG_58,Yes_Decreased,27,13,16,8
Clostridium_sp_CAG_632,Clostridium_sp_CAG_632,Not_tested,0,none,4,14
Clostridium_sp_CAG_964,Clostridium_sp_CAG_964,Not_tested,0,none,4,3
Clostridium_sp_chh4_2,Clostridium_sp_chh4_2,Not_tested,0,none,2,8
Clostridium_sp_D5,Clostridium_sp_D5,Not_tested,0,none,2,3
Clostridium_sp_MSTE9,Clostridium_sp_MSTE9,Not_tested,0,none,0,none
Clostridium_spiroforme,Clostridium_spiroforme,No,2,12,8,2
Clostridium_symbiosum,Clostridium_symbiosum,No,48,10,54,8
Clostridium_ventriculi,Clostridium_ventriculi,Not_tested,0,none,3,20
Collinsella_aerofaciens,Collinsella_aerofaciens,No,38,11,48,8
Collinsella_intestinalis,Collinsella_intestinalis,No,4,11,3,7
Collinsella_massiliensis,Collinsella_massiliensis,Yes_Increased,4,11,8,7
Collinsella_stercoris,Collinsella_stercoris,No,11,11,18,7
Comamonas_kerstersii,Comamonas_kerstersii,Not_tested,0,none,0,none
Comamonas_testosteroni,Comamonas_testosteroni,Not_tested,0,none,0,none
Comamonas_thiooxydans,Comamonas_thiooxydans,Not_tested,0,none,0,none
Coprobacillus_cateniformis,Coprobacillus_cateniformis,Yes_Increased,1,10,3,17
Coprobacter_fastidiosus,Coprobacter_fastidiosus,No,5,10,4,2
Coprobacter_secundus,Coprobacter_secundus,Not_tested,0,none,0,none
Coprobacter_sp,Coprobacter_sp,No,0,none,1,19
Coprococcus_catus,Coprococcus_catus,No,31,10,56,8
Coprococcus_comes,Coprococcus_comes,No,46,10,46,8
Coprococcus_eutactus,Coprococcus_eutactus,No,3,10,14,8
Corynebacterium_accolens,Corynebacterium_accolens,Not_tested,0,none,0,none
Corynebacterium_amycolatum,Corynebacterium_amycolatum,Not_tested,2,17,0,none
Corynebacterium_argentoratense,Corynebacterium_argentoratense,Not_tested,0,none,1,17
Corynebacterium_aurimucosum,Corynebacterium_aurimucosum,Not_tested,2,17,0,none
Corynebacterium_casei,Corynebacterium_casei,Not_tested,0,none,0,none
Corynebacterium_coyleae,Corynebacterium_coyleae,Not_tested,10,24,0,none
Corynebacterium_durum,Corynebacterium_durum,Not_tested,1,14,1,11
Corynebacterium_frankenforstense,Corynebacterium_frankenforstense,Not_tested,0,none,4,19
Corynebacterium_imitans,Corynebacterium_imitans,Not_tested,3,24,0,none
Corynebacterium_jeikeium,Corynebacterium_jeikeium,Not_tested,0,none,0,none
Corynebacterium_kroppenstedtii,Corynebacterium_kroppenstedtii,Not_tested,0,none,0,none
Corynebacterium_minutissimum,Corynebacterium_minutissimum,Not_tested,0,none,0,none
Corynebacterium_nuruki,Corynebacterium_nuruki,Not_tested,0,none,9,19
Corynebacterium_pseudogenitalium,Corynebacterium_pseudogenitalium,Not_tested,0,none,0,none
Corynebacterium_pyruviciproducens,Corynebacterium_pyruviciproducens,Not_tested,0,none,0,none
Corynebacterium_riegelii,Corynebacterium_riegelii,Not_tested,3,24,0,none
Corynebacterium_simulans,Corynebacterium_simulans,Not_tested,0,none,0,none
Corynebacterium_sp_HMSC058E07,Corynebacterium_sp_HMSC058E07,Not_tested,0,none,0,none
Corynebacterium_sp_HMSC078H07,Corynebacterium_sp_HMSC078H07,Not_tested,0,none,0,none
Corynebacterium_sp_HMSC08A12,Corynebacterium_sp_HMSC08A12,Not_tested,0,none,0,none
Corynebacterium_tuscaniense,Corynebacterium_tuscaniense,Not_tested,0,none,0,none
Corynebacterium_urealyticum,Corynebacterium_urealyticum,Not_tested,3,24,0,none
Corynebacterium_variabile,Corynebacterium_variabile,Not_tested,0,none,0,none
Cronobacter_sakazakii,Cronobacter_sakazakii,Not_tested,0,none,0,none
Cutibacterium_avidum,Cutibacterium_avidum,Not_tested,0,none,0,none
Delftia_tsuruhatensis,Delftia_tsuruhatensis,Not_tested,0,none,0,none
Denitrobacterium_detoxificans,Denitrobacterium_detoxificans,Not_tested,0,none,0,none
Desulfobulbus_oralis,Desulfobulbus_oralis,Not_tested,0,none,0,none
Desulfovibrio_fairfieldensis,Desulfovibrio_fairfieldensis,No,0,none,0,none
Desulfovibrio_legallii,Desulfovibrio_legallii,Not_tested,0,none,0,none
Desulfovibrio_piger,Desulfovibrio_piger,No,2,25,2,14
Desulfovibrio_sp_MES5,Desulfovibrio_sp_MES5,Not_tested,0,none,0,none
Desulfovibrionaceae_bacterium,Desulfovibrionaceae_bacterium,Not_tested,1,25,2,14
Dialister_invisus,Dialister_invisus,Yes_Decreased,1,9,16,2
Dialister_micraerophilus,Dialister_micraerophilus,Not_tested,0,none,0,none
Dialister_pneumosintes,Dialister_pneumosintes,Not_tested,0,none,0,none
Dialister_sp_CAG_357,Dialister_sp_CAG_357,No,0,none,4,19
Dialister_succinatiphilus,Dialister_succinatiphilus,Not_tested,0,none,0,none
Dielma_fastidiosa,Dielma_fastidiosa,No,0,none,6,8
Dorea_formicigenerans,Dorea_formicigenerans,No,47,13,57,8
Dorea_longicatena,Dorea_longicatena,No,56,13,56,8
Dorea_sp_CAG_317,Dorea_sp_CAG_317,No,7,10,24,8
Dorea_sp_D27,Dorea_sp_D27,Not_tested,0,none,0,none
Dysgonomonas_gadei,Dysgonomonas_gadei,Not_tested,0,none,2,17
Dysgonomonas_mossii,Dysgonomonas_mossii,Not_tested,0,none,0,none
Dysgonomonas_sp_37_18,Dysgonomonas_sp_37_18,Not_tested,0,none,0,none
Eggerthella_lenta,Eggerthella_lenta,No,59,10,63,8
Eisenbergiella_massiliensis,Eisenbergiella_massiliensis,No,22,10,61,8
Eisenbergiella_tayi,Eisenbergiella_tayi,Yes_Increased,11,10,27,8
Enorma_massiliensis,Enorma_massiliensis,Yes_Increased,4,11,3,7
Enterobacter_bugandensis,Enterobacter_bugandensis,Not_tested,0,none,0,none
Enterobacter_cloacae_complex,Enterobacter_cloacae_complex,Not_tested,0,none,3,19
Enterobacter_mori,Enterobacter_mori,Not_tested,0,none,0,none
Enterococcus_asini,Enterococcus_asini,Not_tested,23,8,0,none
Enterococcus_avium,Enterococcus_avium,Yes_Increased,52,8,8,16
Enterococcus_canintestini,Enterococcus_canintestini,Not_tested,4,8,0,none
Enterococcus_canis,Enterococcus_canis,Not_tested,0,none,0,none
Enterococcus_casseliflavus,Enterococcus_casseliflavus,Not_tested,6,8,1,10
Enterococcus_cecorum,Enterococcus_cecorum,Not_tested,0,none,0,none
Enterococcus_dispar,Enterococcus_dispar,Not_tested,19,8,0,none
Enterococcus_durans,Enterococcus_durans,Not_tested,4,8,0,none
Enterococcus_faecalis,Enterococcus_faecalis,No,0,none,2,2
Enterococcus_faecium,Enterococcus_faecium,Yes_Increased,30,8,5,17
Enterococcus_gallinarum,Enterococcus_gallinarum,Not_tested,32,8,4,16
Enterococcus_hirae,Enterococcus_hirae,Not_tested,0,none,0,none
Enterococcus_malodoratus,Enterococcus_malodoratus,Not_tested,0,none,0,none
Enterococcus_mundtii,Enterococcus_mundtii,Not_tested,0,none,0,none
Enterococcus_pallens,Enterococcus_pallens,Not_tested,0,none,0,none
Enterococcus_phoeniculicola,Enterococcus_phoeniculicola,Not_tested,0,none,0,none
Enterococcus_raffinosus,Enterococcus_raffinosus,Not_tested,5,8,10,17
Enterococcus_sp_3H8_DIV0648,Enterococcus_sp_3H8_DIV0648,Not_tested,0,none,0,none
Enterococcus_thailandicus,Enterococcus_thailandicus,Not_tested,0,none,0,none
Enterorhabdus_caecimuris,Enterorhabdus_caecimuris,No,6,13,23,2
Erysipelatoclostridium_ramosum,Erysipelatoclostridium_ramosum,No,35,10,60,8
Erysipelothrix_larvae,Erysipelothrix_larvae,Not_tested,1,8,5,16
Escherichia_albertii,Escherichia_albertii,Not_tested,0,none,0,none
Escherichia_coli,Escherichia_coli,Yes_Increased,5,6,2,3
Escherichia_fergusonii,Escherichia_fergusonii,Not_tested,0,none,0,none
Escherichia_marmotae,Escherichia_marmotae,Not_tested,0,none,0,none
Eubacteriaceae_bacterium_CHKCI005,Eubacteriaceae_bacterium_CHKCI005,Not_tested,0,none,0,none
Eubacterium_brachy,Eubacterium_brachy,Not_tested,0,none,0,none
Eubacterium_callanderi,Eubacterium_callanderi,Yes_Increased,2,13,4,5
Eubacterium_dolichum_CAG_375,Eubacterium_dolichum_CAG_375,No,4,10,10,8
Eubacterium_eligens,Eubacterium_eligens,Yes_Decreased,47,13,53,8
Eubacterium_hallii,Eubacterium_hallii,Yes_Decreased,52,13,48,8
Eubacterium_infirmum,Eubacterium_infirmum,Not_tested,0,none,0,none
Eubacterium_limosum,Eubacterium_limosum,Yes_Increased,0,none,2,5
Eubacterium_maltosivorans,Eubacterium_maltosivorans,Not_tested,0,none,0,none
Eubacterium_nodatum,Eubacterium_nodatum,Not_tested,0,none,0,none
Eubacterium_ramulus,Eubacterium_ramulus,Yes_Decreased,25,13,38,8
Eubacterium_rectale,Eubacterium_rectale,Yes_Decreased,21,13,39,8
Eubacterium_saphenum,Eubacterium_saphenum,Not_tested,0,none,0,none
Eubacterium_siraeum,Eubacterium_siraeum,No,23,13,35,8
Eubacterium_sp_An11,Eubacterium_sp_An11,Not_tested,0,none,1,2
Eubacterium_sp_CAG_180,Eubacterium_sp_CAG_180,No,1,10,3,8
Eubacterium_sp_CAG_251,Eubacterium_sp_CAG_251,No,0,none,0,none
Eubacterium_sp_CAG_274,Eubacterium_sp_CAG_274,No,0,none,1,8
Eubacterium_sp_CAG_38,Eubacterium_sp_CAG_38,Yes_Decreased,22,13,6,8
Eubacterium_sp_OM08_24,Eubacterium_sp_OM08_24,Not_tested,0,none,0,none
Eubacterium_sulci,Eubacterium_sulci,Not_tested,1,2,0,none
Eubacterium_ventriosum,Eubacterium_ventriosum,No,15,13,14,8
Facklamia_hominis,Facklamia_hominis,Not_tested,1,24,0,none
Facklamia_ignava,Facklamia_ignava,Not_tested,5,24,0,none
Faecalibacterium_prausnitzii,Faecalibacterium_prausnitzii,Yes_Decreased,59,13,47,8
Faecalicatena_contorta,Faecalicatena_contorta,Not_tested,0,none,0,none
Faecalicatena_orotica,Faecalicatena_orotica,Not_tested,0,none,3,8
Faecalicoccus_pleomorphus,Faecalicoccus_pleomorphus,Not_tested,0,none,4,19
Faecalitalea_cylindroides,Faecalitalea_cylindroides,No,0,none,1,8
Finegoldia_magna,Finegoldia_magna,Not_tested,7,17,0,none
Firmicutes_bacterium_CAG_110,Firmicutes_bacterium_CAG_110,No,33,10,46,8
Firmicutes_bacterium_CAG_145,Firmicutes_bacterium_CAG_145,No,2,13,8,2
Firmicutes_bacterium_CAG_170,Firmicutes_bacterium_CAG_170,Not_tested,0,none,2,14
Firmicutes_bacterium_CAG_238,Firmicutes_bacterium_CAG_238,Not_tested,0,none,0,none
Firmicutes_bacterium_CAG_424,Firmicutes_bacterium_CAG_424,No,8,10,19,8
Firmicutes_bacterium_CAG_534,Firmicutes_bacterium_CAG_534,Not_tested,0,none,0,none
Firmicutes_bacterium_CAG_555,Firmicutes_bacterium_CAG_555,Not_tested,0,none,2,3
Firmicutes_bacterium_CAG_646,Firmicutes_bacterium_CAG_646,Not_tested,0,none,5,8
Firmicutes_bacterium_CAG_83,Firmicutes_bacterium_CAG_83,No,21,13,39,8
Firmicutes_bacterium_CAG_94,Firmicutes_bacterium_CAG_94,No,8,7,14,2
Firmicutes_bacterium_CAG_95,Firmicutes_bacterium_CAG_95,No,11,10,19,8
Flavonifractor_plautii,Flavonifractor_plautii,No,55,10,50,8
Flavonifractor_sp_An10,Flavonifractor_sp_An10,Not_tested,3,7,3,2
Flavonifractor_sp_An100,Flavonifractor_sp_An100,No,3,10,0,none
Fretibacterium_fastidiosum,Fretibacterium_fastidiosum,Not_tested,1,26,0,none
Fusicatenibacter_saccharivorans,Fusicatenibacter_saccharivorans,Yes_Decreased,45,13,47,8
Fusobacterium_mortiferum,Fusobacterium_mortiferum,Not_tested,0,none,2,3
Fusobacterium_naviforme,Fusobacterium_naviforme,Not_tested,0,none,4,19
Fusobacterium_nucleatum,Fusobacterium_nucleatum,Not_tested,1,23,9,16
Fusobacterium_sp_CAG_439,Fusobacterium_sp_CAG_439,Not_tested,0,none,0,none
Fusobacterium_ulcerans,Fusobacterium_ulcerans,Not_tested,0,none,8,17
Fusobacterium_varium,Fusobacterium_varium,Not_tested,0,none,2,17
Gardnerella_vaginalis,Gardnerella_vaginalis,Not_tested,1,16,2,19
Gemella_asaccharolytica,Gemella_asaccharolytica,Not_tested,2,17,0,none
Gemella_haemolysans,Gemella_haemolysans,Not_tested,0,none,2,17
Gemella_morbillorum,Gemella_morbillorum,Not_tested,0,none,0,none
Gemella_sanguinis,Gemella_sanguinis,No,8,2,17,3
Gemmiger_formicilis,Gemmiger_formicilis,No,46,10,48,8
Gemmiger_sp_An120,Gemmiger_sp_An120,Not_tested,0,none,0,none
Gemmiger_sp_An194,Gemmiger_sp_An194,Not_tested,0,none,0,none
Gemmiger_sp_An50,Gemmiger_sp_An50,Not_tested,0,none,0,none
Gemmiger_sp_An87,Gemmiger_sp_An87,Not_tested,0,none,0,none
Globicatella_sanguinis,Globicatella_sanguinis,Not_tested,0,none,0,none
Globicatella_sulfidifaciens,Globicatella_sulfidifaciens,Not_tested,0,none,0,none
Gordonibacter_pamelaeae,Gordonibacter_pamelaeae,No,29,10,49,8
Granulicatella_elegans,Granulicatella_elegans,Not_tested,0,none,0,none
Haemophilus_parainfluenzae,Haemophilus_parainfluenzae,No,7,12,7,3
Haemophilus_sp_HMSC71H05,Haemophilus_sp_HMSC71H05,No,2,12,8,3
Haemophilus_sputorum,Haemophilus_sputorum,Not_tested,0,none,0,none
Hafnia_paralvei,Hafnia_paralvei,Not_tested,0,none,4,14
Harryflintia_acetispora,Harryflintia_acetispora,Yes_Increased,2,13,8,6
Holdemanella_biformis,Holdemanella_biformis,No,10,10,14,7
Holdemania_filiformis,Holdemania_filiformis,No,1,10,8,8
Hungatella_hathewayi,Hungatella_hathewayi,Yes_Increased,40,10,64,8
Intestinibacter_bartlettii,Intestinibacter_bartlettii,No,4,12,22,2
Intestinimonas_butyriciproducens,Intestinimonas_butyriciproducens,No,16,13,15,2
Johnsonella_ignava,Johnsonella_ignava,Not_tested,0,none,0,none
Kerstersia_gyiorum,Kerstersia_gyiorum,Not_tested,0,none,0,none
Klebsiella_aerogenes,Klebsiella_aerogenes,Not_tested,0,none,0,none
Klebsiella_michiganensis,Klebsiella_michiganensis,Not_tested,0,none,1,3
Klebsiella_oxytoca,Klebsiella_oxytoca,Not_tested,6,8,5,3
Klebsiella_pneumoniae,Klebsiella_pneumoniae,Yes_Increased,3,6,2,4
Klebsiella_quasipneumoniae,Klebsiella_quasipneumoniae,Yes_Increased,3,6,2,4
Klebsiella_variicola,Klebsiella_variicola,No,3,6,2,4
Kluyvera_ascorbata,Kluyvera_ascorbata,Not_tested,0,none,2,20
Kluyvera_cryocrescens,Kluyvera_cryocrescens,Not_tested,0,none,0,none
Kocuria_kristinae,Kocuria_kristinae,Not_tested,0,none,0,none
Kocuria_varians,Kocuria_varians,Not_tested,0,none,0,none
Kosakonia_cowanii,Kosakonia_cowanii,Not_tested,0,none,0,none
Lachnoanaerobaculum_saburreum,Lachnoanaerobaculum_saburreum,Not_tested,0,none,0,none
Lachnoclostridium_sp_An118,Lachnoclostridium_sp_An118,Not_tested,0,none,3,2
Lachnoclostridium_sp_An131,Lachnoclostridium_sp_An131,Yes_Increased,3,7,7,2
Lachnoclostridium_sp_An138,Lachnoclostridium_sp_An138,No,4,7,6,2
Lachnoclostridium_sp_An14,Lachnoclostridium_sp_An14,Not_tested,0,none,2,2
Lachnoclostridium_sp_An181,Lachnoclostridium_sp_An181,Not_tested,0,none,0,none
Lachnoclostridium_sp_An298,Lachnoclostridium_sp_An298,Not_tested,0,none,0,none
Lachnoclostridium_sp_An76,Lachnoclostridium_sp_An76,Not_tested,0,none,0,none
Lachnospira_pectinoschiza,Lachnospira_pectinoschiza,No,20,13,28,8
Lachnospiraceae_bacterium_2_1_46FAA,Lachnospiraceae_bacterium_2_1_46FAA,Not_tested,0,none,3,17
Lachnospiraceae_bacterium_oral_taxon_096,Lachnospiraceae_bacterium_oral_taxon_096,Not_tested,0,none,4,17
Lactobacillus_acidipiscis,Lactobacillus_acidipiscis,Not_tested,0,none,0,none
Lactobacillus_acidophilus,Lactobacillus_acidophilus,Not_tested,1,21,0,none
Lactobacillus_algidus,Lactobacillus_algidus,Not_tested,0,none,1,11
Lactobacillus_amylovorus,Lactobacillus_amylovorus,Not_tested,2,8,1,17
Lactobacillus_animalis,Lactobacillus_animalis,No,0,none,2,17
Lactobacillus_antri,Lactobacillus_antri,Not_tested,0,none,0,none
Lactobacillus_apis,Lactobacillus_apis,Not_tested,9,8,0,none
Lactobacillus_brevis,Lactobacillus_brevis,Not_tested,0,none,0,none
Lactobacillus_camelliae,Lactobacillus_camelliae,Not_tested,0,none,0,none
Lactobacillus_crispatus,Lactobacillus_crispatus,Not_tested,3,2,8,3
Lactobacillus_curvatus,Lactobacillus_curvatus,Not_tested,0,none,0,none
Lactobacillus_delbrueckii,Lactobacillus_delbrueckii,Not_tested,0,none,1,1
Lactobacillus_dextrinicus,Lactobacillus_dextrinicus,Not_tested,1,8,0,none
Lactobacillus_farciminis,Lactobacillus_farciminis,Not_tested,0,none,1,19
Lactobacillus_fermentum,Lactobacillus_fermentum,Yes_Increased,14,2,11,3
Lactobacillus_fuchuensis,Lactobacillus_fuchuensis,Not_tested,0,none,0,none
Lactobacillus_gasseri,Lactobacillus_gasseri,Yes_Increased,10,2,11,3
Lactobacillus_gastricus,Lactobacillus_gastricus,Not_tested,0,none,0,none
Lactobacillus_helveticus,Lactobacillus_helveticus,Not_tested,0,none,1,3
Lactobacillus_iners,Lactobacillus_iners,Not_tested,0,none,0,none
Lactobacillus_johnsonii,Lactobacillus_johnsonii,Not_tested,2,8,6,17
Lactobacillus_kalixensis,Lactobacillus_kalixensis,Not_tested,0,none,6,17
Lactobacillus_kullabergensis,Lactobacillus_kullabergensis,Not_tested,0,none,0,none
Lactobacillus_melliventris,Lactobacillus_melliventris,Not_tested,0,none,0,none
Lactobacillus_mucosae,Lactobacillus_mucosae,Not_tested,0,none,8,17
Lactobacillus_nasuensis,Lactobacillus_nasuensis,Not_tested,2,8,0,none
Lactobacillus_oris,Lactobacillus_oris,Not_tested,8,2,12,3
Lactobacillus_pantheris,Lactobacillus_pantheris,Not_tested,0,none,0,none
Lactobacillus_parabuchneri,Lactobacillus_parabuchneri,Not_tested,0,none,0,none
Lactobacillus_paragasseri,Lactobacillus_paragasseri,Yes_Increased,9,2,15,3
Lactobacillus_paralimentarius,Lactobacillus_paralimentarius,Not_tested,0,none,0,none
Lactobacillus_pentosus,Lactobacillus_pentosus,Not_tested,7,8,2,3
Lactobacillus_plantarum,Lactobacillus_plantarum,No,1,2,10,3
Lactobacillus_rapi,Lactobacillus_rapi,Not_tested,0,none,0,none
Lactobacillus_reuteri,Lactobacillus_reuteri,Yes_Increased,1,8,7,17
Lactobacillus_rhamnosus,Lactobacillus_rhamnosus,Yes_Increased,11,8,8,3
Lactobacillus_rogosae,Lactobacillus_rogosae,No,4,13,3,3
Lactobacillus_ruminis,Lactobacillus_ruminis,Not_tested,0,none,0,none
Lactobacillus_saerimneri,Lactobacillus_saerimneri,Not_tested,0,none,0,none
Lactobacillus_sakei,Lactobacillus_sakei,Not_tested,0,none,1,12
Lactobacillus_salivarius,Lactobacillus_salivarius,Yes_Increased,9,2,8,3
Lactobacillus_sanfranciscensis,Lactobacillus_sanfranciscensis,Not_tested,0,none,0,none
Lactobacillus_ultunensis,Lactobacillus_ultunensis,Not_tested,0,none,0,none
Lactobacillus_vaccinostercus,Lactobacillus_vaccinostercus,Not_tested,4,8,0,none
Lactobacillus_vaginalis,Lactobacillus_vaginalis,No,8,2,14,3
Lactococcus_lactis,Lactococcus_lactis,No,1,4,7,8
Lactococcus_petauri,Lactococcus_petauri,Not_tested,0,none,0,none
Lactococcus_piscium,Lactococcus_piscium,Not_tested,0,none,0,none
Lactococcus_raffinolactis,Lactococcus_raffinolactis,Not_tested,0,none,0,none
Lactonifactor_longoviformis,Lactonifactor_longoviformis,No,12,10,36,8
Lautropia_mirabilis,Lautropia_mirabilis,Not_tested,0,none,0,none
Lawsonella_clevelandensis,Lawsonella_clevelandensis,Not_tested,0,none,0,none
Lawsonibacter_asaccharolyticus,Lawsonibacter_asaccharolyticus,No,18,8,16,2
Leclercia_adecarboxylata,Leclercia_adecarboxylata,Not_tested,0,none,0,none
Leuconostoc_carnosum,Leuconostoc_carnosum,Not_tested,0,none,1,12
Leuconostoc_citreum,Leuconostoc_citreum,Not_tested,0,none,0,none
Leuconostoc_garlicum,Leuconostoc_garlicum,Not_tested,0,none,0,none
Leuconostoc_gelidum,Leuconostoc_gelidum,Not_tested,0,none,1,17
Leuconostoc_lactis,Leuconostoc_lactis,Not_tested,0,none,2,14
Leuconostoc_mesenteroides,Leuconostoc_mesenteroides,Not_tested,0,none,0,none
Leuconostoc_pseudomesenteroides,Leuconostoc_pseudomesenteroides,Not_tested,0,none,0,none
Macrococcus_caseolyticus,Macrococcus_caseolyticus,Not_tested,0,none,0,none
Mageeibacillus_indolicus,Mageeibacillus_indolicus,Not_tested,0,none,0,none
Marvinbryantia_formatexigens,Marvinbryantia_formatexigens,Not_tested,0,none,1,3
Massiliomicrobiota_timonensis,Massiliomicrobiota_timonensis,Not_tested,0,none,0,none
Megamonas_funiformis,Megamonas_funiformis,Not_tested,2,22,7,15
Megamonas_funiformis_CAG_377,Megamonas_funiformis_CAG_377,Not_tested,2,22,5,15
Megamonas_hypermegale,Megamonas_hypermegale,Not_tested,2,22,6,15
Megasphaera_cerevisiae,Megasphaera_cerevisiae,Not_tested,0,none,0,none
Megasphaera_elsdenii,Megasphaera_elsdenii,Not_tested,0,none,4,14
Megasphaera_micronuciformis,Megasphaera_micronuciformis,Not_tested,1,10,4,17
Megasphaera_sp_DISK_18,Megasphaera_sp_DISK_18,Yes_Increased,2,11,3,7
Megasphaera_sp_MJR8396C,Megasphaera_sp_MJR8396C,Yes_Increased,2,11,3,7
Megasphaera_stantonii,Megasphaera_stantonii,Not_tested,0,none,1,18
Methanobacterium_sp_MB1,Methanobacterium_sp_MB1,Not_tested,0,none,0,none
Methanobrevibacter_arboriphilus,Methanobrevibacter_arboriphilus,Not_tested,0,none,0,none
Methanobrevibacter_smithii,Methanobrevibacter_smithii,Yes_Increased,35,10,53,8
Methanomassiliicoccales_archaeon_RumEn_M1,Methanomassiliicoccales_archaeon_RumEn_M1,Not_tested,0,none,0,none
Methanosphaera_stadtmanae,Methanosphaera_stadtmanae,Not_tested,1,10,3,14
Mitsuokella_jalaludinii,Mitsuokella_jalaludinii,Not_tested,0,none,3,14
Mitsuokella_multacida,Mitsuokella_multacida,Not_tested,0,none,2,14
Mobiluncus_curtisii,Mobiluncus_curtisii,Not_tested,0,none,0,none
Mogibacterium_diversum,Mogibacterium_diversum,No,3,2,5,3
Mogibacterium_timidum,Mogibacterium_timidum,Not_tested,0,none,0,none
Monoglobus_pectinilyticus,Monoglobus_pectinilyticus,Yes_Decreased,1,1,4,2
Morganella_morganii,Morganella_morganii,Not_tested,14,8,1,14
Muribaculum_intestinale,Muribaculum_intestinale,Not_tested,0,none,0,none
Murimonas_intestini,Murimonas_intestini,No,6,10,7,8
Negativicoccus_succinicivorans,Negativicoccus_succinicivorans,Not_tested,0,none,0,none
Neisseria_sicca,Neisseria_sicca,Not_tested,0,none,0,none
Odoribacter_laneus,Odoribacter_laneus,No,2,10,0,none
Odoribacter_splanchnicus,Odoribacter_splanchnicus,No,34,10,37,2
Oligella_urethralis,Oligella_urethralis,Not_tested,11,24,0,none
Olsenella_profusa,Olsenella_profusa,Not_tested,3,15,5,17
Olsenella_scatoligenes,Olsenella_scatoligenes,Not_tested,0,none,2,14
Olsenella_uli,Olsenella_uli,Not_tested,2,15,5,17
Oribacterium_parvum,Oribacterium_parvum,Not_tested,0,none,0,none
Oscillibacter_sp_57_20,Oscillibacter_sp_57_20,No,63,10,69,8
Oscillibacter_sp_CAG_241,Oscillibacter_sp_CAG_241,No,40,10,48,8
Oscillibacter_sp_PC13,Oscillibacter_sp_PC13,Not_tested,0,none,0,none
Oxalobacter_formigenes,Oxalobacter_formigenes,No,1,10,0,none
Parabacteroides_chinchillae,Parabacteroides_chinchillae,Not_tested,0,none,0,none
Parabacteroides_distasonis,Parabacteroides_distasonis,Yes_Increased,4,1,14,2
Parabacteroides_goldsteinii,Parabacteroides_goldsteinii,No,13,10,3,6
Parabacteroides_gordonii,Parabacteroides_gordonii,Not_tested,0,none,0,none
Parabacteroides_johnsonii,Parabacteroides_johnsonii,No,0,none,1,2
Parabacteroides_merdae,Parabacteroides_merdae,No,13,1,19,2
Parabacteroides_sp_426_9,Parabacteroides_sp_426_9,Not_tested,0,none,0,none
Parabacteroides_sp_CAG_409,Parabacteroides_sp_CAG_409,Not_tested,0,none,4,14
Paraclostridium_bifermentans,Paraclostridium_bifermentans,Not_tested,0,none,0,none
Paraprevotella_clara,Paraprevotella_clara,No,1,1,3,2
Paraprevotella_xylaniphila,Paraprevotella_xylaniphila,No,7,1,17,2
Parascardovia_denticolens,Parascardovia_denticolens,Not_tested,4,2,5,3
Parasutterella_excrementihominis,Parasutterella_excrementihominis,No,2,1,6,2
Parvimonas_micra,Parvimonas_micra,Not_tested,1,23,3,19
Parvimonas_sp_KA00067,Parvimonas_sp_KA00067,Not_tested,0,none,0,none
Parvimonas_sp_oral_taxon_110,Parvimonas_sp_oral_taxon_110,Not_tested,0,none,0,none
Pediococcus_acidilactici,Pediococcus_acidilactici,Not_tested,13,8,0,none
Pediococcus_argentinicus,Pediococcus_argentinicus,Not_tested,0,none,0,none
Pediococcus_pentosaceus,Pediococcus_pentosaceus,Not_tested,0,none,0,none
Peptococcus_niger,Peptococcus_niger,Not_tested,0,none,2,15
Peptoniphilus_coxii,Peptoniphilus_coxii,Not_tested,0,none,6,19
Peptoniphilus_duerdenii,Peptoniphilus_duerdenii,Not_tested,0,none,0,none
Peptoniphilus_harei,Peptoniphilus_harei,Not_tested,1,17,0,none
Peptoniphilus_lacrimalis,Peptoniphilus_lacrimalis,Not_tested,3,17,0,none
Peptoniphilus_sp_BV3C26,Peptoniphilus_sp_BV3C26,Not_tested,0,none,0,none
Peptoniphilus_sp_HMSC062D09,Peptoniphilus_sp_HMSC062D09,Not_tested,7,17,0,none
Peptostreptococcus_anaerobius,Peptostreptococcus_anaerobius,Not_tested,0,none,2,19
Peptostreptococcus_stomatis,Peptostreptococcus_stomatis,Not_tested,0,none,2,19
Phascolarctobacterium_faecium,Phascolarctobacterium_faecium,No,2,9,5,7
Phascolarctobacterium_sp_CAG_266,Phascolarctobacterium_sp_CAG_266,Not_tested,0,none,2,6
Phascolarctobacterium_succinatutens,Phascolarctobacterium_succinatutens,No,10,10,10,14
Plantibacter_flavus,Plantibacter_flavus,Not_tested,0,none,0,none
Pluralibacter_gergoviae,Pluralibacter_gergoviae,Not_tested,0,none,2,17
Porphyromonas_asaccharolytica,Porphyromonas_asaccharolytica,Yes_Increased,6,17,4,19
Porphyromonas_gingivalis,Porphyromonas_gingivalis,Not_tested,0,none,0,none
Porphyromonas_sp_HMSC065F10,Porphyromonas_sp_HMSC065F10,Not_tested,11,17,1,19
Porphyromonas_uenonis,Porphyromonas_uenonis,Not_tested,6,17,3,19
Prevotella_bergensis,Prevotella_bergensis,Not_tested,1,17,0,none
Prevotella_bivia,Prevotella_bivia,Not_tested,0,none,8,19
Prevotella_buccae,Prevotella_buccae,Not_tested,0,none,0,none
Prevotella_buccalis,Prevotella_buccalis,Not_tested,10,17,3,19
Prevotella_colorans,Prevotella_colorans,Not_tested,1,19,0,none
Prevotella_copri,Prevotella_copri,Yes_Decreased,1,10,6,7
Prevotella_corporis,Prevotella_corporis,No,0,none,5,19
Prevotella_denticola,Prevotella_denticola,Not_tested,0,none,0,none
Prevotella_disiens,Prevotella_disiens,Not_tested,1,17,4,19
Prevotella_histicola,Prevotella_histicola,Not_tested,0,none,0,none
Prevotella_multisaccharivorax,Prevotella_multisaccharivorax,Not_tested,0,none,0,none
Prevotella_oralis,Prevotella_oralis,Not_tested,0,none,0,none
Prevotella_sp_885,Prevotella_sp_885,Not_tested,0,none,14,14
Prevotella_sp_AM42_24,Prevotella_sp_AM42_24,Not_tested,0,none,12,14
Prevotella_sp_CAG_1031,Prevotella_sp_CAG_1031,Not_tested,1,18,4,15
Prevotella_sp_CAG_1092,Prevotella_sp_CAG_1092,Not_tested,0,none,0,none
Prevotella_sp_CAG_1124,Prevotella_sp_CAG_1124,Not_tested,0,none,0,none
Prevotella_sp_CAG_1185,Prevotella_sp_CAG_1185,Not_tested,0,none,1,15
Prevotella_sp_CAG_1320,Prevotella_sp_CAG_1320,Not_tested,0,none,2,14
Prevotella_sp_CAG_279,Prevotella_sp_CAG_279,Not_tested,0,none,4,14
Prevotella_sp_CAG_485,Prevotella_sp_CAG_485,Not_tested,0,none,0,none
Prevotella_sp_CAG_520,Prevotella_sp_CAG_520,Not_tested,1,20,9,14
Prevotella_sp_CAG_5226,Prevotella_sp_CAG_5226,Not_tested,0,none,7,14
Prevotella_sp_CAG_873,Prevotella_sp_CAG_873,Not_tested,1,18,4,14
Prevotella_sp_CAG_891,Prevotella_sp_CAG_891,Not_tested,2,3,1,14
Prevotella_sp_S7_1_8,Prevotella_sp_S7_1_8,Not_tested,1,19,0,none
Prevotella_stercorea,Prevotella_stercorea,Not_tested,1,20,8,14
Prevotella_timonensis,Prevotella_timonensis,Not_tested,8,17,2,19
Propionibacterium_acidifaciens,Propionibacterium_acidifaciens,Not_tested,1,2,6,3
Propionibacterium_freudenreichii,Propionibacterium_freudenreichii,No,0,none,1,19
Propionimicrobium_lymphophilum,Propionimicrobium_lymphophilum,Not_tested,0,none,0,none
Proteobacteria_bacterium_CAG_139,Proteobacteria_bacterium_CAG_139,No,3,1,6,2
Proteus_hauseri,Proteus_hauseri,Not_tested,0,none,0,none
Proteus_mirabilis,Proteus_mirabilis,Not_tested,2,8,14,17
Proteus_penneri,Proteus_penneri,Not_tested,0,none,0,none
Providencia_rettgeri,Providencia_rettgeri,Not_tested,0,none,0,none
Pseudocitrobacter_faecalis,Pseudocitrobacter_faecalis,Not_tested,0,none,0,none
Pseudoflavonifractor_capillosus,Pseudoflavonifractor_capillosus,No,0,none,1,2
Pseudoflavonifractor_sp_An184,Pseudoflavonifractor_sp_An184,Yes_Increased,4,7,4,2
Pseudoglutamicibacter_albus,Pseudoglutamicibacter_albus,Not_tested,10,24,0,none
Pseudoglutamicibacter_cumminsii,Pseudoglutamicibacter_cumminsii,Not_tested,5,24,0,none
Pseudomonas_aeruginosa_group,Pseudomonas_aeruginosa_group,Not_tested,0,none,2,19
Pseudomonas_fragi,Pseudomonas_fragi,Not_tested,0,none,0,none
Pseudomonas_geniculata,Pseudomonas_geniculata,Not_tested,0,none,0,none
Pseudomonas_helleri,Pseudomonas_helleri,Not_tested,0,none,0,none
Pseudomonas_putida_group,Pseudomonas_putida_group,Not_tested,0,none,0,none
Pseudopropionibacterium_propionicum,Pseudopropionibacterium_propionicum,Not_tested,0,none,0,none
Pseudoramibacter_alactolyticus,Pseudoramibacter_alactolyticus,Not_tested,0,none,4,17
Pyramidobacter_piscolens,Pyramidobacter_piscolens,Not_tested,2,26,8,3
Pyramidobacter_sp_C12_8,Pyramidobacter_sp_C12_8,Not_tested,1,26,3,3
Raoultella_ornithinolytica,Raoultella_ornithinolytica,Not_tested,0,none,1,20
Raoultella_planticola,Raoultella_planticola,Not_tested,0,none,3,20
Raoultella_terrigena,Raoultella_terrigena,Not_tested,0,none,0,none
Rikenella_microfusus,Rikenella_microfusus,Not_tested,0,none,0,none
Robinsoniella_sp_RHS,Robinsoniella_sp_RHS,Not_tested,0,none,8,16
Romboutsia_hominis,Romboutsia_hominis,Not_tested,0,none,0,none
Romboutsia_ilealis,Romboutsia_ilealis,No,1,12,0,none
Roseburia_faecis,Roseburia_faecis,Yes_Decreased,21,13,7,8
Roseburia_hominis,Roseburia_hominis,No,41,13,56,8
Roseburia_intestinalis,Roseburia_intestinalis,Yes_Decreased,21,13,15,8
Roseburia_inulinivorans,Roseburia_inulinivorans,Yes_Decreased,27,13,43,8
Roseburia_sp_CAG_182,Roseburia_sp_CAG_182,Not_tested,0,none,1,2
Roseburia_sp_CAG_303,Roseburia_sp_CAG_303,Not_tested,0,none,3,14
Roseburia_sp_CAG_309,Roseburia_sp_CAG_309,No,1,10,3,14
Roseburia_sp_CAG_471,Roseburia_sp_CAG_471,No,14,13,26,8
Rothia_dentocariosa,Rothia_dentocariosa,No,13,2,24,3
Rothia_mucilaginosa,Rothia_mucilaginosa,Yes_Decreased,14,2,18,3
Ruminococcaceae_bacterium_D16,Ruminococcaceae_bacterium_D16,No,0,none,1,2
Ruminococcaceae_bacterium_D5,Ruminococcaceae_bacterium_D5,Yes_Increased,26,10,7,6
Ruminococcus_bicirculans,Ruminococcus_bicirculans,Yes_Decreased,33,13,20,8
Ruminococcus_bromii,Ruminococcus_bromii,No,6,13,42,8
Ruminococcus_callidus,Ruminococcus_callidus,Yes_Decreased,0,none,0,none
Ruminococcus_champanellensis,Ruminococcus_champanellensis,Not_tested,0,none,0,none
Ruminococcus_gnavus,Ruminococcus_gnavus,No,41,10,69,8
Ruminococcus_lactaris,Ruminococcus_lactaris,Yes_Decreased,12,13,10,8
Ruminococcus_obeum_CAG_39,Ruminococcus_obeum_CAG_39,Not_tested,0,none,0,none
Ruminococcus_sp_CAG_330,Ruminococcus_sp_CAG_330,Not_tested,0,none,2,14
Ruminococcus_sp_CAG_403,Ruminococcus_sp_CAG_403,Not_tested,0,none,4,14
Ruminococcus_sp_CAG_488,Ruminococcus_sp_CAG_488,Not_tested,0,none,1,13
Ruminococcus_sp_CAG_563,Ruminococcus_sp_CAG_563,Not_tested,0,none,2,14
Ruminococcus_sp_CAG_624,Ruminococcus_sp_CAG_624,Not_tested,0,none,5,14
Ruminococcus_torques,Ruminococcus_torques,No,39,13,60,8
Ruthenibacterium_lactatiformans,Ruthenibacterium_lactatiformans,Yes_Increased,25,10,34,17
Saccharomyces_cerevisiae,Saccharomyces_cerevisiae,Not_tested,0,none,2,17
Sanguibacteroides_justesenii,Sanguibacteroides_justesenii,Not_tested,0,none,0,none
Scardovia_inopinata,Scardovia_inopinata,Not_tested,0,none,5,3
Scardovia_wiggsiae,Scardovia_wiggsiae,Yes_Increased,4,2,2,3
Sellimonas_intestinalis,Sellimonas_intestinalis,No,38,10,50,8
Serratia_marcescens,Serratia_marcescens,Not_tested,0,none,0,none
Serratia_ureilytica,Serratia_ureilytica,Not_tested,0,none,0,none
Sharpea_azabuensis,Sharpea_azabuensis,Not_tested,0,none,0,none
Shuttleworthia_satelles,Shuttleworthia_satelles,Not_tested,0,none,0,none
Slackia_exigua,Slackia_exigua,Not_tested,0,none,0,none
Slackia_isoflavoniconvertens,Slackia_isoflavoniconvertens,No,8,10,25,8
Sneathia_amnii,Sneathia_amnii,Not_tested,0,none,0,none
Solobacterium_moorei,Solobacterium_moorei,Not_tested,0,none,0,none
Staphylococcus_argenteus,Staphylococcus_argenteus,Not_tested,0,none,0,none
Staphylococcus_aureus,Staphylococcus_aureus,Not_tested,0,none,0,none
Staphylococcus_epidermidis,Staphylococcus_epidermidis,Not_tested,0,none,2,19
Staphylococcus_haemolyticus,Staphylococcus_haemolyticus,Not_tested,0,none,0,none
Stenotrophomonas_acidaminiphila,Stenotrophomonas_acidaminiphila,Not_tested,0,none,0,none
Stenotrophomonas_maltophilia,Stenotrophomonas_maltophilia,Not_tested,0,none,0,none
Stenotrophomonas_rhizophila,Stenotrophomonas_rhizophila,Not_tested,0,none,0,none
Stomatobaculum_longum,Stomatobaculum_longum,Not_tested,0,none,0,none
Streptococcus_agalactiae,Streptococcus_agalactiae,Not_tested,0,none,8,19
Streptococcus_anginosus_group,Streptococcus_anginosus_group,Yes_Increased,10,2,17,3
Streptococcus_australis,Streptococcus_australis,Yes_Decreased,7,2,10,3
Streptococcus_cristatus,Streptococcus_cristatus,Not_tested,2,2,1,3
Streptococcus_downei,Streptococcus_downei,Not_tested,0,none,2,15
Streptococcus_gallolyticus,Streptococcus_gallolyticus,Not_tested,0,none,0,none
Streptococcus_gordonii,Streptococcus_gordonii,No,13,2,18,3
Streptococcus_infantarius,Streptococcus_infantarius,Not_tested,0,none,0,none
Streptococcus_infantis,Streptococcus_infantis,Yes_Decreased,4,2,17,3
Streptococcus_lutetiensis,Streptococcus_lutetiensis,Yes_Increased,3,8,5,3
Streptococcus_macedonicus,Streptococcus_macedonicus,Not_tested,0,none,0,none
Streptococcus_milleri,Streptococcus_milleri,Not_tested,0,none,0,none
Streptococcus_mitis,Streptococcus_mitis,Yes_Decreased,7,2,17,3
Streptococcus_mutans,Streptococcus_mutans,Yes_Increased,13,2,17,3
Streptococcus_oralis,Streptococcus_oralis,No,9,2,18,3
Streptococcus_parasanguinis,Streptococcus_parasanguinis,No,18,2,19,3
Streptococcus_pasteurianus,Streptococcus_pasteurianus,Not_tested,6,8,4,17
Streptococcus_salivarius,Streptococcus_salivarius,No,15,2,18,3
Streptococcus_salivarius_CAG_79,Streptococcus_salivarius_CAG_79,Not_tested,0,none,0,none
Streptococcus_sanguinis,Streptococcus_sanguinis,No,3,2,13,3
Streptococcus_sobrinus,Streptococcus_sobrinus,Not_tested,2,2,1,14
Streptococcus_sp_A12,Streptococcus_sp_A12,Yes_Decreased,2,2,3,3
Streptococcus_sp_F0442,Streptococcus_sp_F0442,Not_tested,0,none,4,3
Streptococcus_sp_HMSC071D03,Streptococcus_sp_HMSC071D03,Not_tested,0,none,3,14
Streptococcus_sp_HPH0090,Streptococcus_sp_HPH0090,Not_tested,0,none,0,none
Streptococcus_thermophilus,Streptococcus_thermophilus,No,1,4,7,3
Streptococcus_vestibularis,Streptococcus_vestibularis,Yes_Increased,15,2,20,3
Streptococcus_viridans,Streptococcus_viridans,Not_tested,0,none,1,17
Subdoligranulum_variabile,Subdoligranulum_variabile,Not_tested,0,none,0,none
Succinatimonas_hippei,Succinatimonas_hippei,Not_tested,0,none,1,18
Sutterella_parvirubra,Sutterella_parvirubra,No,1,3,7,15
Terrisporobacter_othiniensis,Terrisporobacter_othiniensis,Not_tested,0,none,0,none
Trichococcus_flocculiformis,Trichococcus_flocculiformis,Not_tested,0,none,0,none
Trueperella_bernardiae,Trueperella_bernardiae,Not_tested,0,none,0,none
Turicibacter_sanguinis,Turicibacter_sanguinis,Yes_Increased,3,12,4,19
Turicimonas_muris,Turicimonas_muris,No,3,1,2,2
Tyzzerella_nexilis,Tyzzerella_nexilis,No,0,none,8,19
Tyzzerella_sp_An114,Tyzzerella_sp_An114,Not_tested,0,none,0,none
Varibaculum_cambriense,Varibaculum_cambriense,Not_tested,10,17,0,none
Veillonella_atypica,Veillonella_atypica,No,9,12,16,3
Veillonella_dispar,Veillonella_dispar,Yes_Decreased,8,12,8,3
Veillonella_infantium,Veillonella_infantium,No,5,12,8,3
Veillonella_parvula,Veillonella_parvula,No,7,12,13,3
Veillonella_rogosae,Veillonella_rogosae,Not_tested,0,none,0,none
Veillonella_seminalis,Veillonella_seminalis,Not_tested,0,none,3,19
Veillonella_sp_CAG_933,Veillonella_sp_CAG_933,Not_tested,0,none,6,17
Veillonella_sp_T11011_6,Veillonella_sp_T11011_6,Not_tested,5,12,1,3
Veillonella_tobetsuensis,Veillonella_tobetsuensis,Not_tested,0,none,2,14
Victivallis_vadensis,Victivallis_vadensis,Not_tested,0,none,0,none
Weeksella_virosa,Weeksella_virosa,Not_tested,5,24,0,none
Weissella_cibaria,Weissella_cibaria,Not_tested,0,none,5,19
Weissella_confusa,Weissella_confusa,Not_tested,0,none,7,19
Weissella_viridescens,Weissella_viridescens,Not_tested,0,none,0,none
